<?xml version="1.0" encoding="UTF-8"?>
<project-private xmlns="http://www.netbeans.org/ns/project-private/1">
    <editor-bookmarks xmlns="http://www.netbeans.org/ns/editor-bookmarks/2" lastBookmarkId="0"/>
    <open-files xmlns="http://www.netbeans.org/ns/projectui-open-files/2">
        <group>
            <file>file:/C:/Users/PC10/Downloads/Trabalho-Pratico-3-master/Projeto%202%20-%20Vai%20dar%20BOM/Area15/src/model/Usuario.java</file>
            <file>file:/C:/Users/PC10/Downloads/Trabalho-Pratico-3-master/Projeto%202%20-%20Vai%20dar%20BOM/Area15/src/area15/Principal.java</file>
            <file>file:/C:/Users/PC10/Downloads/Trabalho-Pratico-3-master/Projeto%202%20-%20Vai%20dar%20BOM/Area15/src/control/ControladorUsuario.java</file>
            <file>file:/C:/Users/PC10/Downloads/Trabalho-Pratico-3-master/Projeto%202%20-%20Vai%20dar%20BOM/Area15/src/acessoBD/UsuarioDAO.java</file>
            <file>file:/C:/Users/PC10/Downloads/Trabalho-Pratico-3-master/Projeto%202%20-%20Vai%20dar%20BOM/Area15/src/control/ControleAcesso.java</file>
        </group>
    </open-files>
</project-private>
